epoch,local_train_loss,local_train_accuracy,local_train_macro_f1,samples_processed,duration_s,mixed_peer_updates,mixed_senders,dropped_peer_updates,dropped_peer_senders,drop_reasons,nonfinite_peer_updates,max_staleness,max_normalized_staleness,stale_mixed_peer_updates,hard_dropped_stale_peer_updates,pushes_sent,failed_pushes_total,push_elapsed_s,push_failed_targets,push_failure_reasons,window_count,val_loss,val_accuracy,val_macro_f1,test_loss,test_accuracy,test_macro_f1,state_digest,last_step,windows,samples_per_s
1,2.40033438205719,0.12421875,0.12017717116825784,2560,447.51307871198514,34,"['decentr-01', 'decentr-02', 'decentr-03', 'decentr-04', 'decentr-05', 'decentr-06', 'decentr-07', 'decentr-08', 'decentr-09', 'decentr-10', 'decentr-11', 'decentr-12', 'decentr-13', 'decentr-14', 'decentr-15', 'decentr-17', 'decentr-18', 'decentr-19', 'decentr-20']",0,[],[],0,10,10.0,13,0,36,0,113.63205830892548,[],[],2,2.3306066078186034,0.143,0.06686547034157986,2.335581100845337,0.1408,0.06897380208115889,e196d8bfa24d5f6fd062cccce3fc975379b62436b8dc6edb1e8d791973289ffa,80,"[{'window_id': 0, 'epoch_window_index': 0, 'epoch_window_count': 2, 'assigned_shard_count': 3, 'samples_processed': 1536, 'duration_s': 146.37381934100995}, {'window_id': 1, 'epoch_window_index': 1, 'epoch_window_count': 2, 'assigned_shard_count': 2, 'samples_processed': 1024, 'duration_s': 102.28973265198874}]",5.720503202650732
2,2.2893413230776787,0.166015625,0.14910822526362977,1024,317.5648865130206,18,"['decentr-01', 'decentr-02', 'decentr-03', 'decentr-04', 'decentr-05', 'decentr-06', 'decentr-07', 'decentr-09', 'decentr-10', 'decentr-11', 'decentr-12', 'decentr-14', 'decentr-15', 'decentr-17', 'decentr-18', 'decentr-19']",0,[],[],0,20,20.0,6,0,20,0,60.18140397797106,[],[],2,2.108880404663086,0.2112,0.15284535771053115,2.1048054023742675,0.2127,0.1550125160105045,f2ad0b2161816cb81ddf9fee3a3bc58a67eccdbfbe59c73260af72a5f21faef1,112,"[{'window_id': 2, 'epoch_window_index': 0, 'epoch_window_count': 2, 'assigned_shard_count': 1, 'samples_processed': 512, 'duration_s': 52.061536371009424}, {'window_id': 3, 'epoch_window_index': 1, 'epoch_window_count': 2, 'assigned_shard_count': 1, 'samples_processed': 512, 'duration_s': 63.165409793000435}]",3.224537861360861
3,2.08282458037138,0.219140625,0.2136936879316686,2560,453.93936439498793,40,"['decentr-02', 'decentr-03', 'decentr-04', 'decentr-05', 'decentr-06', 'decentr-07', 'decentr-08', 'decentr-09', 'decentr-10', 'decentr-11', 'decentr-12', 'decentr-13', 'decentr-14', 'decentr-15', 'decentr-17', 'decentr-18', 'decentr-19', 'decentr-20']",0,[],[],0,56,56.0,19,0,40,0,118.19537113999831,[],[],2,2.013815203666687,0.2494,0.2018209935296952,2.0062904846191407,0.2521,0.20713371605671269,a1c7827cd7c7c45446e8f2de4777d7e113b2289447d962d84e635cb638f22db3,192,"[{'window_id': 4, 'epoch_window_index': 0, 'epoch_window_count': 2, 'assigned_shard_count': 4, 'samples_processed': 2048, 'duration_s': 190.09573254399584}, {'window_id': 5, 'epoch_window_index': 1, 'epoch_window_count': 2, 'assigned_shard_count': 1, 'samples_processed': 512, 'duration_s': 64.13511723300326}]",5.639519726190694
4,2.0158610537648203,0.246484375,0.23302391240962073,2560,454.0837228470191,31,"['decentr-07', 'decentr-11', 'decentr-13', 'decentr-14', 'decentr-17', 'decentr-18']",0,[],[],0,56,56.0,16,0,40,0,119.4995035729371,[],[],2,1.9832435985565187,0.3004,0.282565474319472,1.977577421951294,0.3008,0.2782137963560071,1b67a15f8f117dcd988e5f5e2f2d4f2985d7c251617b7add99bdd54df7d70d16,272,"[{'window_id': 6, 'epoch_window_index': 0, 'epoch_window_count': 2, 'assigned_shard_count': 4, 'samples_processed': 2048, 'duration_s': 191.35307157199713}, {'window_id': 7, 'epoch_window_index': 1, 'epoch_window_count': 2, 'assigned_shard_count': 1, 'samples_processed': 512, 'duration_s': 62.56014341500122}]",5.6377268578342425
5,1.9543200567364694,0.268359375,0.2608400122826656,2560,443.53912207399844,31,"['decentr-03', 'decentr-07', 'decentr-11', 'decentr-17', 'decentr-18']",0,[],[],0,70,70.0,17,0,36,0,107.09983194217784,[],[],2,1.8988193426132203,0.328,0.2914829410986387,1.8871696128845215,0.3346,0.29701001565969876,1e0a028ab295d0fb1006c8de742669d4ef844f345a122642e4cd8d3045db7ddb,352,"[{'window_id': 8, 'epoch_window_index': 0, 'epoch_window_count': 2, 'assigned_shard_count': 3, 'samples_processed': 1536, 'duration_s': 140.53192733498872}, {'window_id': 9, 'epoch_window_index': 1, 'epoch_window_count': 2, 'assigned_shard_count': 2, 'samples_processed': 1024, 'duration_s': 102.57783316500718}]",5.771756926490238
6,1.9115374479442835,0.29248046875,0.280107403289564,2048,389.2298188190034,15,"['decentr-03', 'decentr-12', 'decentr-15', 'decentr-17']",0,[],[],0,64,64.0,15,0,28,0,83.1235981840291,[],[],2,1.8036825344085694,0.3644,0.3346323029372509,1.8065166652679443,0.3617,0.3324082902091555,d159ebd6b98e4b0cf1387fc44c45bad55d1e6e1687e4556dcf60a5e405087134,416,"[{'window_id': 10, 'epoch_window_index': 0, 'epoch_window_count': 2, 'assigned_shard_count': 3, 'samples_processed': 1536, 'duration_s': 136.7003066969919}, {'window_id': 11, 'epoch_window_index': 1, 'epoch_window_count': 2, 'assigned_shard_count': 1, 'samples_processed': 512, 'duration_s': 51.120596495020436}]",5.261672926843112
7,1.8442747499793768,0.3369140625,0.3274683031971181,2048,402.13570662098937,15,"['decentr-03', 'decentr-12', 'decentr-15']",0,[],[],0,60,60.0,15,0,32,0,93.72671848905156,[],[],2,1.898291859817505,0.3076,0.25128052998322875,1.892824429512024,0.317,0.2624705987650712,c0eca3c7634a3175691930e944bc43d458b59eb549782b36d6bee01527e22e51,480,"[{'window_id': 12, 'epoch_window_index': 0, 'epoch_window_count': 2, 'assigned_shard_count': 2, 'samples_processed': 1024, 'duration_s': 98.3121457590023}, {'window_id': 13, 'epoch_window_index': 1, 'epoch_window_count': 2, 'assigned_shard_count': 2, 'samples_processed': 1024, 'duration_s': 100.82510417199228}]",5.092808139840784
8,1.829093350097537,0.3271484375,0.3206718819437567,2048,401.55777023898554,15,"['decentr-01', 'decentr-04', 'decentr-12', 'decentr-15']",0,[],[],0,80,80.0,15,0,32,0,93.7890856199956,[],[],2,1.788847736930847,0.349,0.31371875856448284,1.7832302444458008,0.3599,0.3257853341321072,6f0bee625dbecd0ffd999c1bcd265e00fe99cf5e998fac2ea0f81489226f5b3e,544,"[{'window_id': 14, 'epoch_window_index': 0, 'epoch_window_count': 2, 'assigned_shard_count': 3, 'samples_processed': 1536, 'duration_s': 136.6022609990032}, {'window_id': 15, 'epoch_window_index': 1, 'epoch_window_count': 2, 'assigned_shard_count': 1, 'samples_processed': 512, 'duration_s': 63.147705271985615}]",5.100137892441082
9,1.8395196311175823,0.341796875,0.3307161696069299,2048,401.1240387180005,12,"['decentr-01', 'decentr-04', 'decentr-12', 'decentr-15', 'decentr-19']",0,[],[],0,112,112.0,12,0,32,0,95.37264425793546,[],[],2,1.928080415725708,0.3222,0.2776063703049531,1.9150209810256957,0.3136,0.2708962845697597,080e07f06ea3b5f830e4d5e38c511359e31767fd4ad0aa8d346ee09995729ed4,608,"[{'window_id': 16, 'epoch_window_index': 0, 'epoch_window_count': 2, 'assigned_shard_count': 2, 'samples_processed': 1024, 'duration_s': 101.01665937001235}, {'window_id': 17, 'epoch_window_index': 1, 'epoch_window_count': 2, 'assigned_shard_count': 2, 'samples_processed': 1024, 'duration_s': 98.71856226399541}]",5.105652621930722
10,1.7931101601570845,0.349609375,0.3393145580660647,2048,400.936135816999,16,"['decentr-01', 'decentr-02', 'decentr-04', 'decentr-19']",0,[],[],0,120,120.0,16,0,32,0,94.2094096938672,[],[],2,1.9816258129119872,0.333,0.3147871210894664,1.9770079544067383,0.3316,0.31333171952331434,9594f6fb204494f99af3a884deb22e6474b8fe450be7686ad1a5e9645792f90a,672,"[{'window_id': 18, 'epoch_window_index': 0, 'epoch_window_count': 2, 'assigned_shard_count': 2, 'samples_processed': 1024, 'duration_s': 99.08130982000148}, {'window_id': 19, 'epoch_window_index': 1, 'epoch_window_count': 2, 'assigned_shard_count': 2, 'samples_processed': 1024, 'duration_s': 101.06807211399428}]",5.108045439273594
11,1.715645281597972,0.35546875,0.3464742978287011,2048,394.55342023298726,25,"['decentr-01', 'decentr-02', 'decentr-08', 'decentr-14', 'decentr-19']",0,[],[],0,124,124.0,25,0,28,0,83.50795200196444,[],[],2,1.9006688354492187,0.31,0.2518944623419116,1.8936312049865722,0.3168,0.25885100934606187,234cce3da8c0e403658e3d2c5390415a2da9d60dd0eadf4baaeb7cf2649f5452,736,"[{'window_id': 20, 'epoch_window_index': 0, 'epoch_window_count': 2, 'assigned_shard_count': 3, 'samples_processed': 1536, 'duration_s': 140.6838815099909}, {'window_id': 21, 'epoch_window_index': 1, 'epoch_window_count': 2, 'assigned_shard_count': 1, 'samples_processed': 512, 'duration_s': 51.15778062699246}]",5.190678612773494
12,1.7305265683680773,0.36865234375,0.35475929745731277,2048,404.7881451419962,23,"['decentr-02', 'decentr-08', 'decentr-14', 'decentr-19', 'decentr-20']",0,[],[],0,156,156.0,23,0,32,0,94.57975491302204,[],[],2,1.6742006711959838,0.3846,0.3556694774329572,1.6652624616622924,0.3889,0.35895346748123796,2f2850cb7e83699eeabe902ab396c4d236917e40be306171afc8d490fc03cf9b,800,"[{'window_id': 22, 'epoch_window_index': 0, 'epoch_window_count': 2, 'assigned_shard_count': 2, 'samples_processed': 1024, 'duration_s': 102.05473258599523}, {'window_id': 23, 'epoch_window_index': 1, 'epoch_window_count': 2, 'assigned_shard_count': 2, 'samples_processed': 1024, 'duration_s': 100.3714675079973}]",5.059436706778009
13,1.6770151406526566,0.38720703125,0.37930871507632197,2048,410.94971335001173,25,"['decentr-03', 'decentr-05', 'decentr-06', 'decentr-08', 'decentr-09', 'decentr-13', 'decentr-14', 'decentr-20']",0,[],[],0,117,117.0,25,0,32,0,95.43129048292758,[],[],2,1.6816687734603881,0.3708,0.3230370260863207,1.6785700160980224,0.3786,0.33457914566002317,881ce644e0d9ebb5fd34c7899149463808612aff0f18720053a3471fcf020b43,864,"[{'window_id': 24, 'epoch_window_index': 0, 'epoch_window_count': 2, 'assigned_shard_count': 2, 'samples_processed': 1024, 'duration_s': 102.74056778399972}, {'window_id': 25, 'epoch_window_index': 1, 'epoch_window_count': 2, 'assigned_shard_count': 2, 'samples_processed': 1024, 'duration_s': 100.54558172402903}]",4.983578120312957
14,1.6671477388590574,0.39306640625,0.3813962138523954,2048,411.44734229997266,22,"['decentr-01', 'decentr-03', 'decentr-05', 'decentr-06', 'decentr-08', 'decentr-09', 'decentr-10', 'decentr-13', 'decentr-20']",0,[],[],0,120,120.0,22,0,32,0,93.83981411182322,[],[],2,2.2049481647491453,0.3032,0.25001640064765407,2.206759460067749,0.3037,0.2509200724457312,5940ed5c54a743b28dff81c6e8ab252427fbadd0bbca7dda68085401be848e97,928,"[{'window_id': 26, 'epoch_window_index': 0, 'epoch_window_count': 2, 'assigned_shard_count': 3, 'samples_processed': 1536, 'duration_s': 153.46251528704306}, {'window_id': 27, 'epoch_window_index': 1, 'epoch_window_count': 2, 'assigned_shard_count': 1, 'samples_processed': 512, 'duration_s': 50.08407083299244}]",4.9775506837685946
15,1.6505538020282984,0.3974609375,0.38388060913644645,2048,415.20338065497344,19,"['decentr-01', 'decentr-03', 'decentr-04', 'decentr-05', 'decentr-06', 'decentr-09', 'decentr-10', 'decentr-13']",0,[],[],0,78,78.0,15,0,36,0,106.15012208302505,[],[],2,1.6263107007980346,0.4106,0.40114052894856495,1.6160600234985352,0.4089,0.40161002251429895,744cc5662620c4ff4787f315b541e443da95f2c9f298e91d4e87a0e1fdc2affb,992,"[{'window_id': 28, 'epoch_window_index': 0, 'epoch_window_count': 2, 'assigned_shard_count': 3, 'samples_processed': 1536, 'duration_s': 150.86554943898227}, {'window_id': 29, 'epoch_window_index': 1, 'epoch_window_count': 2, 'assigned_shard_count': 1, 'samples_processed': 512, 'duration_s': 61.28239947196562}]",4.932522458678753
16,1.6402984950691462,0.40771484375,0.3976340247412809,2048,391.5995176900178,18,"['decentr-01', 'decentr-04', 'decentr-06', 'decentr-08', 'decentr-10']",0,[],[],0,72,72.0,18,0,28,0,82.63468676205957,[],[],2,1.6277058164596558,0.4174,0.396666106265516,1.6236033973693849,0.4206,0.401617431292639,9330d4b086aac27e4b5b8a908313bc50290a40beab8fffa9462c3d90d71c754a,1056,"[{'window_id': 30, 'epoch_window_index': 0, 'epoch_window_count': 2, 'assigned_shard_count': 3, 'samples_processed': 1536, 'duration_s': 137.61370788596105}, {'window_id': 31, 'epoch_window_index': 1, 'epoch_window_count': 2, 'assigned_shard_count': 1, 'samples_processed': 512, 'duration_s': 50.70971807098249}]",5.229832794689893
17,1.5740794390439987,0.43017578125,0.42411389410425926,2048,401.35536178498296,15,"['decentr-01', 'decentr-04', 'decentr-06', 'decentr-08']",0,[],[],0,60,60.0,15,0,32,0,93.43588691792684,[],[],2,1.6914482433319091,0.391,0.3518232410066551,1.671429571533203,0.4053,0.3663415392304229,308725bf2cd0dab43413d2ac67860cac8ba5eb39695bf27f4d6dbe94e609d75a,1120,"[{'window_id': 32, 'epoch_window_index': 0, 'epoch_window_count': 2, 'assigned_shard_count': 2, 'samples_processed': 1024, 'duration_s': 98.74269540200476}, {'window_id': 33, 'epoch_window_index': 1, 'epoch_window_count': 2, 'assigned_shard_count': 2, 'samples_processed': 1024, 'duration_s': 100.55239811801584}]",5.102709954818467
18,1.633965952321887,0.40869140625,0.401030136334123,2048,406.48567587300204,22,"['decentr-01', 'decentr-04', 'decentr-05', 'decentr-06', 'decentr-08', 'decentr-18']",5,['decentr-18'],"['decentr-18:normalized_version_gap:208.000>hard_max:200.000:raw_gap=208:expected_peer_version=1152.000', 'decentr-18:normalized_version_gap:210.000>hard_max:200.000:raw_gap=210:expected_peer_version=1160.000', 'decentr-18:normalized_version_gap:210.000>hard_max:200.000:raw_gap=210:expected_peer_version=1170.000', 'decentr-18:normalized_version_gap:210.000>hard_max:200.000:raw_gap=210:expected_peer_version=1180.000', 'decentr-18:normalized_version_gap:208.000>hard_max:200.000:raw_gap=208:expected_peer_version=1184.000']",0,200,200.0,22,5,32,0,94.04477725090692,[],[],2,1.6417437564849853,0.405,0.3583854705663579,1.6356701126098634,0.4088,0.3616087025793708,b5189177f86228dc8410a46f4fb418ab4ad5a64fafd679e8ab9bdd0a8bc139fd,1184,"[{'window_id': 34, 'epoch_window_index': 0, 'epoch_window_count': 2, 'assigned_shard_count': 2, 'samples_processed': 1024, 'duration_s': 101.75447307003196}, {'window_id': 35, 'epoch_window_index': 1, 'epoch_window_count': 2, 'assigned_shard_count': 2, 'samples_processed': 1024, 'duration_s': 100.57583911600523}]",5.038307919710939
19,1.5605122465640306,0.41748046875,0.4113166183099839,2048,404.10135045897914,15,"['decentr-01', 'decentr-05', 'decentr-06', 'decentr-08', 'decentr-17', 'decentr-18']",4,['decentr-18'],"['decentr-18:normalized_version_gap:234.000>hard_max:200.000:raw_gap=234:expected_peer_version=1190.000', 'decentr-18:normalized_version_gap:208.000>hard_max:200.000:raw_gap=208:expected_peer_version=1232.000', 'decentr-18:normalized_version_gap:210.000>hard_max:200.000:raw_gap=210:expected_peer_version=1240.000', 'decentr-18:normalized_version_gap:212.000>hard_max:200.000:raw_gap=212:expected_peer_version=1248.000']",0,200,200.0,15,4,32,0,94.50703735102434,[],[],2,1.7585567264556885,0.3982,0.3550921247432939,1.7701728496551514,0.4025,0.36297152418377,b730da27e26df96c8f95f84e8dbc953f8ec9492eeb308564bcad7f52369d7328,1248,"[{'window_id': 36, 'epoch_window_index': 0, 'epoch_window_count': 2, 'assigned_shard_count': 3, 'samples_processed': 1536, 'duration_s': 149.442291682004}, {'window_id': 37, 'epoch_window_index': 1, 'epoch_window_count': 2, 'assigned_shard_count': 1, 'samples_processed': 512, 'duration_s': 50.50644624402048}]",5.0680355254291465
20,1.5725758615881205,0.42138671875,0.4105780989473269,2048,404.06573742302135,19,"['decentr-01', 'decentr-03', 'decentr-05', 'decentr-06', 'decentr-17']",2,['decentr-18'],"['decentr-18:normalized_version_gap:270.000>hard_max:200.000:raw_gap=270:expected_peer_version=1250.000', 'decentr-18:normalized_version_gap:218.000>hard_max:200.000:raw_gap=218:expected_peer_version=1312.000']",0,126,126.0,19,2,32,0,94.47577358898707,[],[],2,1.5252029426574707,0.4406,0.41765389949093834,1.5178695505142212,0.4434,0.4201653159981529,044adee997f44a730cae697aa9badab45e7fbd4553df0cfde9193fc7c2529c86,1312,"[{'window_id': 38, 'epoch_window_index': 0, 'epoch_window_count': 2, 'assigned_shard_count': 2, 'samples_processed': 1024, 'duration_s': 101.0007540389779}, {'window_id': 39, 'epoch_window_index': 1, 'epoch_window_count': 2, 'assigned_shard_count': 2, 'samples_processed': 1024, 'duration_s': 100.34876413299935}]",5.06848220554747
21,1.5740226097404957,0.42333984375,0.4171895522150571,2048,403.18055627896683,15,"['decentr-01', 'decentr-03', 'decentr-17']",2,['decentr-18'],"['decentr-18:normalized_version_gap:290.000>hard_max:200.000:raw_gap=290:expected_peer_version=1320.000', 'decentr-18:normalized_version_gap:286.000>hard_max:200.000:raw_gap=286:expected_peer_version=1330.000']",0,136,136.0,15,2,32,0,94.29981028806651,[],[],2,1.546230038833618,0.431,0.40505892688187056,1.5357223907470703,0.4406,0.41568857031555345,bed062ed2c04b45188db3bda8167ccb38f4bbd0687ecf80ed6144491968d53f8,1376,"[{'window_id': 40, 'epoch_window_index': 0, 'epoch_window_count': 2, 'assigned_shard_count': 2, 'samples_processed': 1024, 'duration_s': 100.27901023899904}, {'window_id': 41, 'epoch_window_index': 1, 'epoch_window_count': 2, 'assigned_shard_count': 2, 'samples_processed': 1024, 'duration_s': 100.19607240898767}]",5.079610036013139
22,1.57267227768898,0.4326171875,0.42487767273874466,2048,403.7996903610183,12,"['decentr-01', 'decentr-03', 'decentr-17']",5,['decentr-18'],"['decentr-18:normalized_version_gap:300.000>hard_max:200.000:raw_gap=300:expected_peer_version=1380.000', 'decentr-18:normalized_version_gap:300.000>hard_max:200.000:raw_gap=300:expected_peer_version=1390.000', 'decentr-18:normalized_version_gap:300.000>hard_max:200.000:raw_gap=300:expected_peer_version=1400.000', 'decentr-18:normalized_version_gap:300.000>hard_max:200.000:raw_gap=300:expected_peer_version=1410.000', 'decentr-18:normalized_version_gap:292.000>hard_max:200.000:raw_gap=292:expected_peer_version=1420.000']",0,156,156.0,12,5,32,0,94.45792162662838,[],[],2,1.6570122159957885,0.4148,0.3812487934219876,1.6589369735717774,0.4167,0.3829471812076019,190cf4cfd15b6fa0ade671c4c16223a1a42d4fc34fa8cac94c36b1ab4220fc31,1440,"[{'window_id': 42, 'epoch_window_index': 0, 'epoch_window_count': 2, 'assigned_shard_count': 3, 'samples_processed': 1536, 'duration_s': 149.78893216099823}, {'window_id': 43, 'epoch_window_index': 1, 'epoch_window_count': 2, 'assigned_shard_count': 1, 'samples_processed': 512, 'duration_s': 50.68307890696451}]",5.071821620687672
23,1.552559096366167,0.42822265625,0.4204342754376372,2048,406.10194966901327,14,"['decentr-03', 'decentr-04', 'decentr-12', 'decentr-17']",5,['decentr-18'],"['decentr-18:normalized_version_gap:300.000>hard_max:200.000:raw_gap=300:expected_peer_version=1450.000', 'decentr-18:normalized_version_gap:300.000>hard_max:200.000:raw_gap=300:expected_peer_version=1460.000', 'decentr-18:normalized_version_gap:306.000>hard_max:200.000:raw_gap=306:expected_peer_version=1470.000', 'decentr-18:normalized_version_gap:308.000>hard_max:200.000:raw_gap=308:expected_peer_version=1472.000', 'decentr-18:normalized_version_gap:302.000>hard_max:200.000:raw_gap=302:expected_peer_version=1490.000']",0,200,200.0,14,5,32,0,96.34547248797026,[],[],2,1.603129677963257,0.441,0.40612198056399523,1.5988744998931885,0.4312,0.3969358540997354,f121733dd7272c9fedb545758a655915033216d2a21f35c37effb98b726df1a7,1504,"[{'window_id': 44, 'epoch_window_index': 0, 'epoch_window_count': 2, 'assigned_shard_count': 2, 'samples_processed': 1024, 'duration_s': 102.5257621909841}, {'window_id': 45, 'epoch_window_index': 1, 'epoch_window_count': 2, 'assigned_shard_count': 2, 'samples_processed': 1024, 'duration_s': 100.2468218790018}]",5.043068622717002
24,1.5219267010688782,0.43310546875,0.4230518511521336,2048,405.1435311270179,19,"['decentr-03', 'decentr-04', 'decentr-11', 'decentr-12', 'decentr-17']",0,[],[],0,200,200.0,19,0,32,0,94.30937607603846,[],[],2,1.6304268438339233,0.4104,0.37562424444243414,1.6389750860214234,0.4071,0.3744992442055194,30b0c3fd3f698db00b2af3f6a91483aab454e12a4114a8ab8218797596d28dc1,1568,"[{'window_id': 46, 'epoch_window_index': 0, 'epoch_window_count': 2, 'assigned_shard_count': 3, 'samples_processed': 1536, 'duration_s': 152.37217025796417}, {'window_id': 47, 'epoch_window_index': 1, 'epoch_window_count': 2, 'assigned_shard_count': 1, 'samples_processed': 512, 'duration_s': 49.30957407900132}]",5.054998642833876
25,1.4890217389911413,0.45458984375,0.44559119715844664,2048,417.2197193480097,19,"['decentr-03', 'decentr-04', 'decentr-11', 'decentr-12', 'decentr-17']",6,['decentr-12'],"['decentr-12:normalized_version_gap:210.000>hard_max:200.000:raw_gap=210:expected_peer_version=1570.000', 'decentr-12:normalized_version_gap:210.000>hard_max:200.000:raw_gap=210:expected_peer_version=1580.000', 'decentr-12:normalized_version_gap:210.000>hard_max:200.000:raw_gap=210:expected_peer_version=1590.000', 'decentr-12:normalized_version_gap:208.000>hard_max:200.000:raw_gap=208:expected_peer_version=1600.000', 'decentr-12:normalized_version_gap:204.000>hard_max:200.000:raw_gap=204:expected_peer_version=1616.000', 'decentr-12:normalized_version_gap:204.000>hard_max:200.000:raw_gap=204:expected_peer_version=1620.000']",0,200,200.0,19,6,36,0,107.67614653898636,[],[],2,1.516070746612549,0.4416,0.4187301828239625,1.5120351097106934,0.4436,0.4245899389105986,664b1d859f60471c59ce982da870096803a10fb3f17229d9977688d8829daa76,1632,"[{'window_id': 48, 'epoch_window_index': 0, 'epoch_window_count': 2, 'assigned_shard_count': 3, 'samples_processed': 1536, 'duration_s': 151.73134190199198}, {'window_id': 49, 'epoch_window_index': 1, 'epoch_window_count': 2, 'assigned_shard_count': 1, 'samples_processed': 512, 'duration_s': 62.37286812096136}]",4.908684573203814
26,1.5325755961239338,0.435546875,0.4324572094657803,2048,391.9568477770081,13,"['decentr-03', 'decentr-04', 'decentr-11', 'decentr-17']",7,['decentr-12'],"['decentr-12:normalized_version_gap:210.000>hard_max:200.000:raw_gap=210:expected_peer_version=1640.000', 'decentr-12:normalized_version_gap:210.000>hard_max:200.000:raw_gap=210:expected_peer_version=1650.000', 'decentr-12:normalized_version_gap:210.000>hard_max:200.000:raw_gap=210:expected_peer_version=1660.000', 'decentr-12:normalized_version_gap:210.000>hard_max:200.000:raw_gap=210:expected_peer_version=1670.000', 'decentr-12:normalized_version_gap:210.000>hard_max:200.000:raw_gap=210:expected_peer_version=1680.000', 'decentr-12:normalized_version_gap:210.000>hard_max:200.000:raw_gap=210:expected_peer_version=1690.000', 'decentr-12:normalized_version_gap:208.000>hard_max:200.000:raw_gap=208:expected_peer_version=1696.000']",0,184,184.0,13,7,28,0,82.45699960767524,[],[],2,1.5971143459320067,0.4244,0.37204496073087157,1.5938272010803223,0.4287,0.3812656315661298,259ad8b1d2c9666091e19938504d03cbb1d123ce16df0b7b78d85b0def3990af,1696,"[{'window_id': 50, 'epoch_window_index': 0, 'epoch_window_count': 2, 'assigned_shard_count': 3, 'samples_processed': 1536, 'duration_s': 138.31268313498003}, {'window_id': 51, 'epoch_window_index': 1, 'epoch_window_count': 2, 'assigned_shard_count': 1, 'samples_processed': 512, 'duration_s': 50.98097095801495}]",5.225064982574682
27,1.523266626521945,0.4404296875,0.43542880060863587,2048,400.3914443060057,8,"['decentr-03', 'decentr-04', 'decentr-11', 'decentr-17']",8,['decentr-12'],"['decentr-12:normalized_version_gap:210.000>hard_max:200.000:raw_gap=210:expected_peer_version=1700.000', 'decentr-12:normalized_version_gap:210.000>hard_max:200.000:raw_gap=210:expected_peer_version=1710.000', 'decentr-12:normalized_version_gap:210.000>hard_max:200.000:raw_gap=210:expected_peer_version=1720.000', 'decentr-12:normalized_version_gap:210.000>hard_max:200.000:raw_gap=210:expected_peer_version=1730.000', 'decentr-12:normalized_version_gap:210.000>hard_max:200.000:raw_gap=210:expected_peer_version=1740.000', 'decentr-12:normalized_version_gap:208.000>hard_max:200.000:raw_gap=208:expected_peer_version=1744.000', 'decentr-12:normalized_version_gap:210.000>hard_max:200.000:raw_gap=210:expected_peer_version=1750.000', 'decentr-12:normalized_version_gap:210.000>hard_max:200.000:raw_gap=210:expected_peer_version=1760.000']",0,188,188.0,8,8,32,0,93.91734526900109,[],[],2,1.479438352584839,0.454,0.436784546988758,1.4751186714172364,0.4659,0.4498361486529481,16ef16b631802fa531f7993caca2d7b00c1e454c693c4268bf6c8cf913fc166c,1760,"[{'window_id': 52, 'epoch_window_index': 0, 'epoch_window_count': 2, 'assigned_shard_count': 3, 'samples_processed': 1536, 'duration_s': 148.21167308598524}, {'window_id': 53, 'epoch_window_index': 1, 'epoch_window_count': 2, 'assigned_shard_count': 1, 'samples_processed': 512, 'duration_s': 49.67366646201117}]",5.11499441140601
28,1.5848908629268408,0.421875,0.41996032717131976,2048,398.50456426502205,4,"['decentr-03', 'decentr-04', 'decentr-17']",1,['decentr-12'],['decentr-12:normalized_version_gap:214.000>hard_max:200.000:raw_gap=214:expected_peer_version=1770.000'],0,182,182.0,4,1,32,0,92.89409976016032,[],[],2,1.7080440105438233,0.4114,0.40440557444147035,1.6965013998031617,0.4103,0.4055952795594333,142047ce16ae2a811f073a3aba7dd302ed291fa758c94fccc83441776b1c1238,1824,"[{'window_id': 54, 'epoch_window_index': 0, 'epoch_window_count': 2, 'assigned_shard_count': 3, 'samples_processed': 1536, 'duration_s': 134.92650501197204}, {'window_id': 55, 'epoch_window_index': 1, 'epoch_window_count': 2, 'assigned_shard_count': 1, 'samples_processed': 512, 'duration_s': 60.906448635971174}]",5.139213408451691
29,1.5236283838748932,0.4560546875,0.45258012548113874,2048,401.2300238949829,6,"['decentr-03', 'decentr-15', 'decentr-17']",0,[],[],0,186,186.0,6,0,32,0,93.51480425079353,[],[],2,1.5597195226669311,0.4324,0.39749357074028435,1.5467756540298463,0.4368,0.40088449882312516,cbd06cc3ac5584840618bc1bed125c9213716360de04cff2cc40a1b95a63cba4,1888,"[{'window_id': 56, 'epoch_window_index': 0, 'epoch_window_count': 2, 'assigned_shard_count': 3, 'samples_processed': 1536, 'duration_s': 146.7682076129713}, {'window_id': 57, 'epoch_window_index': 1, 'epoch_window_count': 2, 'assigned_shard_count': 1, 'samples_processed': 512, 'duration_s': 50.11794015497435}]",5.1043039604036196
30,1.6026443522423506,0.41748046875,0.41188854449172474,2048,412.4821747249807,6,"['decentr-03', 'decentr-06', 'decentr-15', 'decentr-17']",0,[],[],0,190,190.0,6,0,36,0,105.0201902447152,[],[],2,1.5217722513198852,0.4544,0.40842339233940284,1.5253404800415038,0.4535,0.4101465139159875,e03c48dcdc562d17f11c1e6fe48a2e8e748a1f367735cfc75a0457522e630228,1952,"[{'window_id': 58, 'epoch_window_index': 0, 'epoch_window_count': 2, 'assigned_shard_count': 3, 'samples_processed': 1536, 'duration_s': 146.5649421219714}, {'window_id': 59, 'epoch_window_index': 1, 'epoch_window_count': 2, 'assigned_shard_count': 1, 'samples_processed': 512, 'duration_s': 61.040276930027176}]",4.965063039064629
31,1.46992645598948,0.4599609375,0.44892080905639836,2048,402.2696384930168,14,"['decentr-03', 'decentr-06', 'decentr-09', 'decentr-15', 'decentr-17']",0,[],[],0,184,184.0,14,0,32,0,93.85591746727005,[],[],2,1.4953183376312256,0.4544,0.41557203865596204,1.490189291191101,0.4491,0.40963143534458657,ad863f40df16ed4b5d6e62a56867c53a4f0515388e30d7bdf021dee26ba4af77,2016,"[{'window_id': 60, 'epoch_window_index': 0, 'epoch_window_count': 2, 'assigned_shard_count': 2, 'samples_processed': 1024, 'duration_s': 99.0132904300117}, {'window_id': 61, 'epoch_window_index': 1, 'epoch_window_count': 2, 'assigned_shard_count': 2, 'samples_processed': 1024, 'duration_s': 99.46680316200946}]",5.0911125375313455
32,1.4917856939136982,0.4462890625,0.4390444576248479,2048,400.2797527210205,13,"['decentr-03', 'decentr-06', 'decentr-09', 'decentr-15', 'decentr-17']",1,['decentr-17'],['decentr-17:normalized_version_gap:204.000>hard_max:200.000:raw_gap=204:expected_peer_version=2020.000'],0,150,150.0,13,1,32,0,93.71120817121118,[],[],2,1.4971584352493286,0.459,0.4320536177155345,1.4961157360076904,0.4583,0.43740055636513314,772b63a3ee4a7746484d760ee4394407a1b3fbb1aa4c5378c07863782fd0aa4a,2080,"[{'window_id': 62, 'epoch_window_index': 0, 'epoch_window_count': 2, 'assigned_shard_count': 3, 'samples_processed': 1536, 'duration_s': 148.01281338505214}, {'window_id': 63, 'epoch_window_index': 1, 'epoch_window_count': 2, 'assigned_shard_count': 1, 'samples_processed': 512, 'duration_s': 49.96427853900241}]",5.116421667791368
33,1.4670173171907663,0.462890625,0.455859314580605,2048,399.3171887299977,11,"['decentr-06', 'decentr-09', 'decentr-15', 'decentr-17']",0,[],[],0,198,198.0,11,0,32,0,93.1221726560616,[],[],2,1.565572095489502,0.4268,0.4025609645645078,1.552622833442688,0.4305,0.40928651098903435,cb40dc611642440b9c2f1dfe8bcd865c25360e3ea68f1936ead9d3c2f0fb341c,2144,"[{'window_id': 64, 'epoch_window_index': 0, 'epoch_window_count': 2, 'assigned_shard_count': 3, 'samples_processed': 1536, 'duration_s': 136.06153761502355}, {'window_id': 65, 'epoch_window_index': 1, 'epoch_window_count': 2, 'assigned_shard_count': 1, 'samples_processed': 512, 'duration_s': 61.69050078600412}]",5.128754929166787
34,1.4894824866205454,0.46044921875,0.4521296226861408,2048,396.6003077690257,3,"['decentr-06', 'decentr-15', 'decentr-17']",7,"['decentr-17', 'decentr-19']","['decentr-17:normalized_version_gap:202.000>hard_max:200.000:raw_gap=202:expected_peer_version=2150.000', 'decentr-19:normalized_version_gap:400.000>hard_max:200.000:raw_gap=400:expected_peer_version=2170.000', 'decentr-19:normalized_version_gap:404.000>hard_max:200.000:raw_gap=404:expected_peer_version=2176.000', 'decentr-19:normalized_version_gap:410.000>hard_max:200.000:raw_gap=410:expected_peer_version=2180.000', 'decentr-19:normalized_version_gap:410.000>hard_max:200.000:raw_gap=410:expected_peer_version=2190.000', 'decentr-19:normalized_version_gap:408.000>hard_max:200.000:raw_gap=408:expected_peer_version=2200.000', 'decentr-19:normalized_version_gap:402.000>hard_max:200.000:raw_gap=402:expected_peer_version=2208.000']",0,152,152.0,3,7,32,0,93.31479803129332,[],[],2,1.5656142028808593,0.4366,0.41086854221782865,1.5472268714904784,0.4422,0.418925683071594,bbe92455f7a2447e772ec263f4b62f25b0097f9759bb1136abf664d4eb1bf6ac,2208,"[{'window_id': 66, 'epoch_window_index': 0, 'epoch_window_count': 2, 'assigned_shard_count': 2, 'samples_processed': 1024, 'duration_s': 97.45116691302974}, {'window_id': 67, 'epoch_window_index': 1, 'epoch_window_count': 2, 'assigned_shard_count': 2, 'samples_processed': 1024, 'duration_s': 98.10486548300833}]",5.16388908400123
35,1.5135677848011255,0.44873046875,0.4451451304275471,2048,398.31794274103595,1,['decentr-17'],7,"['decentr-17', 'decentr-19']","['decentr-17:normalized_version_gap:206.000>hard_max:200.000:raw_gap=206:expected_peer_version=2210.000', 'decentr-19:normalized_version_gap:430.000>hard_max:200.000:raw_gap=430:expected_peer_version=2210.000', 'decentr-19:normalized_version_gap:410.000>hard_max:200.000:raw_gap=410:expected_peer_version=2240.000', 'decentr-19:normalized_version_gap:410.000>hard_max:200.000:raw_gap=410:expected_peer_version=2250.000', 'decentr-19:normalized_version_gap:410.000>hard_max:200.000:raw_gap=410:expected_peer_version=2260.000', 'decentr-19:normalized_version_gap:410.000>hard_max:200.000:raw_gap=410:expected_peer_version=2270.000', 'decentr-19:normalized_version_gap:416.000>hard_max:200.000:raw_gap=416:expected_peer_version=2272.000']",0,148,148.0,1,7,32,0,93.14927144895773,[],[],2,1.624705795288086,0.4166,0.39126844087466267,1.6335848117828369,0.4122,0.387147728738933,a88dfb55fcb592c4bad09f5bb432e039b5ef41be8064762c799c6e9318cf8683,2272,"[{'window_id': 68, 'epoch_window_index': 0, 'epoch_window_count': 2, 'assigned_shard_count': 2, 'samples_processed': 1024, 'duration_s': 97.25766572903376}, {'window_id': 69, 'epoch_window_index': 1, 'epoch_window_count': 2, 'assigned_shard_count': 2, 'samples_processed': 1024, 'duration_s': 98.70768404903356}]",5.14162125338023
36,1.4619029704481363,0.4677734375,0.4588384370092566,2048,392.6818301809835,9,"['decentr-05', 'decentr-08', 'decentr-13', 'decentr-17']",4,['decentr-19'],"['decentr-19:normalized_version_gap:440.000>hard_max:200.000:raw_gap=440:expected_peer_version=2280.000', 'decentr-19:normalized_version_gap:410.000>hard_max:200.000:raw_gap=410:expected_peer_version=2320.000', 'decentr-19:normalized_version_gap:410.000>hard_max:200.000:raw_gap=410:expected_peer_version=2330.000', 'decentr-19:normalized_version_gap:414.000>hard_max:200.000:raw_gap=414:expected_peer_version=2336.000']",0,200,200.0,9,4,28,0,82.20290540717542,[],[],2,1.4060098337173461,0.4892,0.4770576768766251,1.406988398551941,0.4822,0.4713647704259934,b7a50b67453ac6fb8966ce2be76781c5c89810f8a05a164336ce22376df4b4b4,2336,"[{'window_id': 70, 'epoch_window_index': 0, 'epoch_window_count': 2, 'assigned_shard_count': 3, 'samples_processed': 1536, 'duration_s': 135.99775943299755}, {'window_id': 71, 'epoch_window_index': 1, 'epoch_window_count': 2, 'assigned_shard_count': 1, 'samples_processed': 512, 'duration_s': 50.035335435997695}]",5.2154182918422665
37,1.4246445372700691,0.48779296875,0.4844144435954057,2048,405.6002223760006,9,"['decentr-05', 'decentr-08', 'decentr-13', 'decentr-15']",4,"['decentr-17', 'decentr-19']","['decentr-17:normalized_version_gap:220.000>hard_max:200.000:raw_gap=220:expected_peer_version=2340.000', 'decentr-19:normalized_version_gap:460.000>hard_max:200.000:raw_gap=460:expected_peer_version=2340.000', 'decentr-19:normalized_version_gap:420.000>hard_max:200.000:raw_gap=420:expected_peer_version=2390.000', 'decentr-19:normalized_version_gap:420.000>hard_max:200.000:raw_gap=420:expected_peer_version=2400.000']",0,156,156.0,9,4,32,0,93.87006460432895,[],[],2,1.5865201320648192,0.4182,0.39018354021994056,1.5841166582107544,0.4239,0.39583939205239604,802c8addb9f8f4225475e32c97f8ff33bc8eaa358d36384fa6deb8cf0560d8b3,2400,"[{'window_id': 72, 'epoch_window_index': 0, 'epoch_window_count': 2, 'assigned_shard_count': 2, 'samples_processed': 1024, 'duration_s': 99.60873342497507}, {'window_id': 73, 'epoch_window_index': 1, 'epoch_window_count': 2, 'assigned_shard_count': 2, 'samples_processed': 1024, 'duration_s': 98.56963817501673}]",5.049306896339562
38,1.431628543883562,0.47314453125,0.46830469902115246,2048,402.56232211197494,9,"['decentr-05', 'decentr-08', 'decentr-13', 'decentr-15']",4,"['decentr-17', 'decentr-19']","['decentr-17:normalized_version_gap:230.000>hard_max:200.000:raw_gap=230:expected_peer_version=2410.000', 'decentr-19:normalized_version_gap:470.000>hard_max:200.000:raw_gap=470:expected_peer_version=2410.000', 'decentr-19:normalized_version_gap:430.000>hard_max:200.000:raw_gap=430:expected_peer_version=2460.000', 'decentr-19:normalized_version_gap:436.000>hard_max:200.000:raw_gap=436:expected_peer_version=2464.000']",0,156,156.0,8,4,32,0,94.18860604794463,[],[],2,1.5281805713653565,0.4442,0.4125441011760704,1.5323099544525147,0.4407,0.41226182389764193,ddb6755a97a84b5fc1b8bbf49c1d841895a5dc554a720803bff59e4c38aeaad6,2464,"[{'window_id': 74, 'epoch_window_index': 0, 'epoch_window_count': 2, 'assigned_shard_count': 3, 'samples_processed': 1536, 'duration_s': 137.20478930900572}, {'window_id': 75, 'epoch_window_index': 1, 'epoch_window_count': 2, 'assigned_shard_count': 1, 'samples_processed': 512, 'duration_s': 60.794340032036416}]",5.087411035527407
39,1.4091419037431479,0.47900390625,0.47397336411850544,2048,401.9615043459926,7,"['decentr-05', 'decentr-13', 'decentr-15']",3,"['decentr-17', 'decentr-19']","['decentr-17:normalized_version_gap:234.000>hard_max:200.000:raw_gap=234:expected_peer_version=2470.000', 'decentr-19:normalized_version_gap:490.000>hard_max:200.000:raw_gap=490:expected_peer_version=2470.000', 'decentr-19:normalized_version_gap:442.000>hard_max:200.000:raw_gap=442:expected_peer_version=2528.000']",0,130,130.0,7,3,32,0,93.73634490184486,[],[],2,1.5210518308639527,0.4488,0.4167447981038051,1.5272828437805175,0.4407,0.41549096137047387,ade520b37ff4fc493bc41600959460360a89aa9fdabbe758ddc8d55972494758,2528,"[{'window_id': 76, 'epoch_window_index': 0, 'epoch_window_count': 2, 'assigned_shard_count': 3, 'samples_processed': 1536, 'duration_s': 148.73352423199685}, {'window_id': 77, 'epoch_window_index': 1, 'epoch_window_count': 2, 'assigned_shard_count': 1, 'samples_processed': 512, 'duration_s': 48.77122728602262}]",5.095015263544149
40,1.4232629500329494,0.48193359375,0.47580026871905,2048,413.10534749901854,8,"['decentr-05', 'decentr-13']",2,"['decentr-17', 'decentr-19']","['decentr-17:normalized_version_gap:222.000>hard_max:200.000:raw_gap=222:expected_peer_version=2530.000', 'decentr-19:normalized_version_gap:510.000>hard_max:200.000:raw_gap=510:expected_peer_version=2530.000']",0,132,132.0,8,2,36,0,105.29724493203685,[],[],2,1.420820810508728,0.4868,0.44916812865294664,1.4178634918212891,0.4863,0.45121588745483815,c4e3cfa83076258dfe83a5c89470035c88416a5b13c6f38b63b11fd9b50fedf8,2592,"[{'window_id': 78, 'epoch_window_index': 0, 'epoch_window_count': 2, 'assigned_shard_count': 3, 'samples_processed': 1536, 'duration_s': 149.61319111700868}, {'window_id': 79, 'epoch_window_index': 1, 'epoch_window_count': 2, 'assigned_shard_count': 1, 'samples_processed': 512, 'duration_s': 60.378506058012135}]",4.957573201118791
41,1.3416315196081996,0.5087890625,0.5059449543540587,2048,399.5999535320443,9,"['decentr-05', 'decentr-06', 'decentr-13']",1,['decentr-19'],['decentr-19:normalized_version_gap:520.000>hard_max:200.000:raw_gap=520:expected_peer_version=2600.000'],0,138,138.0,9,1,32,0,93.72654509206768,[],[],2,1.5087689025878905,0.4516,0.4432922640703388,1.5202792024612426,0.4533,0.44906539774027776,d3b69f820a1e060a73ba396919f6942d4937bb184646faedcda17d79df647bf7,2656,"[{'window_id': 80, 'epoch_window_index': 0, 'epoch_window_count': 2, 'assigned_shard_count': 2, 'samples_processed': 1024, 'duration_s': 100.05407409695908}, {'window_id': 81, 'epoch_window_index': 1, 'epoch_window_count': 2, 'assigned_shard_count': 2, 'samples_processed': 1024, 'duration_s': 97.3580170700443}]",5.125125721106394
42,1.328966835513711,0.5302734375,0.5262847806924168,2048,398.6534971690271,8,"['decentr-06', 'decentr-13']",2,['decentr-19'],"['decentr-19:normalized_version_gap:530.000>hard_max:200.000:raw_gap=530:expected_peer_version=2660.000', 'decentr-19:normalized_version_gap:530.000>hard_max:200.000:raw_gap=530:expected_peer_version=2670.000']",0,76,76.0,8,2,32,0,93.52222919999622,[],[],2,1.492095866394043,0.4702,0.4393065666105939,1.4922247482299804,0.4751,0.44599071779155286,c16de01f7b369320ea898546e9be0643ecd5ae9614dfc48eda8f3a48335e5736,2720,"[{'window_id': 82, 'epoch_window_index': 0, 'epoch_window_count': 2, 'assigned_shard_count': 3, 'samples_processed': 1536, 'duration_s': 148.13446259801276}, {'window_id': 83, 'epoch_window_index': 1, 'epoch_window_count': 2, 'assigned_shard_count': 1, 'samples_processed': 512, 'duration_s': 49.29606771701947}]",5.137293450436378
43,1.356662887148559,0.5048828125,0.5008397967460368,2048,396.52535417699255,6,"['decentr-06', 'decentr-13']",1,['decentr-19'],['decentr-19:normalized_version_gap:534.000>hard_max:200.000:raw_gap=534:expected_peer_version=2730.000'],0,70,70.0,6,1,32,0,93.74925652111415,[],[],2,1.5015440395355224,0.4594,0.4153047608601351,1.4948302249908447,0.4547,0.41639599475746475,16dbb4d039acb6085a899b2156c59e7cc4c47b081f05c2917663e29acf7f2af9,2784,"[{'window_id': 84, 'epoch_window_index': 0, 'epoch_window_count': 2, 'assigned_shard_count': 3, 'samples_processed': 1536, 'duration_s': 135.24647366499994}, {'window_id': 85, 'epoch_window_index': 1, 'epoch_window_count': 2, 'assigned_shard_count': 1, 'samples_processed': 512, 'duration_s': 61.18064115499146}]",5.164865193174652
44,1.3533291816711426,0.50927734375,0.5055693207197717,2048,397.2196419829852,7,"['decentr-05', 'decentr-06']",3,['decentr-19'],"['decentr-19:normalized_version_gap:540.000>hard_max:200.000:raw_gap=540:expected_peer_version=2790.000', 'decentr-19:normalized_version_gap:540.000>hard_max:200.000:raw_gap=540:expected_peer_version=2800.000', 'decentr-19:normalized_version_gap:534.000>hard_max:200.000:raw_gap=534:expected_peer_version=2810.000']",0,132,132.0,7,3,32,0,93.17044126498513,[],[],2,1.432695512008667,0.4854,0.47064361068428806,1.4507130430221558,0.4777,0.462790873286667,43649591196eaf1bbeace44b7a165831e2bf9a2801a0678fcd8e1572ba88d8f9,2848,"[{'window_id': 86, 'epoch_window_index': 0, 'epoch_window_count': 2, 'assigned_shard_count': 2, 'samples_processed': 1024, 'duration_s': 98.92729482299183}, {'window_id': 87, 'epoch_window_index': 1, 'epoch_window_count': 2, 'assigned_shard_count': 2, 'samples_processed': 1024, 'duration_s': 98.11177028296515}]",5.1558376866160245
45,1.3340779542922974,0.513671875,0.5114629586519924,2048,399.3544329170254,15,"['decentr-05', 'decentr-06']",5,['decentr-19'],"['decentr-19:normalized_version_gap:540.000>hard_max:200.000:raw_gap=540:expected_peer_version=2850.000', 'decentr-19:normalized_version_gap:540.000>hard_max:200.000:raw_gap=540:expected_peer_version=2860.000', 'decentr-19:normalized_version_gap:540.000>hard_max:200.000:raw_gap=540:expected_peer_version=2870.000', 'decentr-19:normalized_version_gap:540.000>hard_max:200.000:raw_gap=540:expected_peer_version=2880.000', 'decentr-19:normalized_version_gap:534.000>hard_max:200.000:raw_gap=534:expected_peer_version=2890.000']",0,142,142.0,15,5,32,0,94.07735331787262,[],[],2,1.3378523460388183,0.5106,0.50675697313507,1.3393745903015137,0.5099,0.5059619811440246,c2a322560a7917d50a75014c962161b5ebdb1669fbe093a871a246fa1d65f2df,2912,"[{'window_id': 88, 'epoch_window_index': 0, 'epoch_window_count': 2, 'assigned_shard_count': 2, 'samples_processed': 1024, 'duration_s': 100.11560090398416}, {'window_id': 89, 'epoch_window_index': 1, 'epoch_window_count': 2, 'assigned_shard_count': 2, 'samples_processed': 1024, 'duration_s': 99.9916597219999}]",5.128276616439905
46,1.320133363828063,0.52099609375,0.5169898211230729,2048,387.3932613020297,11,"['decentr-05', 'decentr-06']",7,['decentr-19'],"['decentr-19:normalized_version_gap:540.000>hard_max:200.000:raw_gap=540:expected_peer_version=2920.000', 'decentr-19:normalized_version_gap:540.000>hard_max:200.000:raw_gap=540:expected_peer_version=2930.000', 'decentr-19:normalized_version_gap:548.000>hard_max:200.000:raw_gap=548:expected_peer_version=2940.000', 'decentr-19:normalized_version_gap:540.000>hard_max:200.000:raw_gap=540:expected_peer_version=2950.000', 'decentr-19:normalized_version_gap:540.000>hard_max:200.000:raw_gap=540:expected_peer_version=2960.000', 'decentr-19:normalized_version_gap:540.000>hard_max:200.000:raw_gap=540:expected_peer_version=2970.000', 'decentr-19:normalized_version_gap:544.000>hard_max:200.000:raw_gap=544:expected_peer_version=2976.000']",0,152,152.0,11,7,28,0,82.6767134849797,[],[],2,1.540799737548828,0.4512,0.43015730518015616,1.5452566400527954,0.4545,0.4377760847034728,942140d5a8b1064fa20b85bf9457a46d353d0f74b6d2a0e2cea1bded679351db,2976,"[{'window_id': 90, 'epoch_window_index': 0, 'epoch_window_count': 2, 'assigned_shard_count': 3, 'samples_processed': 1536, 'duration_s': 137.68806422001217}, {'window_id': 91, 'epoch_window_index': 1, 'epoch_window_count': 2, 'assigned_shard_count': 1, 'samples_processed': 512, 'duration_s': 50.102184438030235}]",5.28661751398738
47,1.2910485612228513,0.53369140625,0.5281321259169987,2048,376.9873826839612,9,"['decentr-05', 'decentr-06']",8,"['decentr-08', 'decentr-19']","['decentr-19:normalized_version_gap:550.000>hard_max:200.000:raw_gap=550:expected_peer_version=2980.000', 'decentr-19:normalized_version_gap:550.000>hard_max:200.000:raw_gap=550:expected_peer_version=2990.000', 'decentr-08:normalized_version_gap:216.000>hard_max:200.000:raw_gap=216:expected_peer_version=3000.000', 'decentr-19:normalized_version_gap:542.000>hard_max:200.000:raw_gap=542:expected_peer_version=3008.000', 'decentr-19:normalized_version_gap:550.000>hard_max:200.000:raw_gap=550:expected_peer_version=3010.000', 'decentr-19:normalized_version_gap:548.000>hard_max:200.000:raw_gap=548:expected_peer_version=3020.000', 'decentr-19:normalized_version_gap:540.000>hard_max:200.000:raw_gap=540:expected_peer_version=3030.000', 'decentr-19:normalized_version_gap:540.000>hard_max:200.000:raw_gap=540:expected_peer_version=3040.000']",0,156,156.0,9,8,24,8,71.05030193494167,['decentr-02'],"['decentr-02@192.168.199.24:50051:preflight_ping_failed:_InactiveRpcError:UNAVAILABLE:failed to connect to all addresses; last error: UNKNOWN: ipv4:192.168.199.24:50051: Failed to connect to remote host: Connection refused', 'decentr-02@192.168.199.24:50051:preflight_ping_failed:_InactiveRpcError:UNAVAILABLE:failed to connect to all addresses; last error: UNKNOWN: ipv4:192.168.199.24:50051: Failed to connect to remote host: Connection refused', 'decentr-02@192.168.199.24:50051:preflight_ping_failed:_InactiveRpcError:UNAVAILABLE:failed to connect to all addresses; last error: UNKNOWN: ipv4:192.168.199.24:50051: Failed to connect to remote host: Connection refused', 'decentr-02@192.168.199.24:50051:preflight_ping_failed:_InactiveRpcError:UNAVAILABLE:failed to connect to all addresses; last error: UNKNOWN: ipv4:192.168.199.24:50051: Failed to connect to remote host: Connection refused', 'decentr-02@192.168.199.24:50051:preflight_ping_failed:_InactiveRpcError:UNAVAILABLE:failed to connect to all addresses; last error: UNKNOWN: ipv4:192.168.199.24:50051: Failed to connect to remote host: Connection refused', 'decentr-02@192.168.199.24:50051:preflight_ping_failed:_InactiveRpcError:UNAVAILABLE:failed to connect to all addresses; last error: UNKNOWN: ipv4:192.168.199.24:50051: Failed to connect to remote host: Connection refused', 'decentr-02@192.168.199.24:50051:preflight_ping_failed:_InactiveRpcError:UNAVAILABLE:failed to connect to all addresses; last error: UNKNOWN: ipv4:192.168.199.24:50051: Failed to connect to remote host: Connection refused', 'decentr-02@192.168.199.24:50051:preflight_ping_failed:_InactiveRpcError:UNAVAILABLE:failed to connect to all addresses; last error: UNKNOWN: ipv4:192.168.199.24:50051: Failed to connect to remote host: Connection refused']",2,1.480451263999939,0.4732,0.46166167923535495,1.4855723604202271,0.4643,0.45334474745531034,37bd4c7f66471afc43a847e519556c17cebaaeafea5621ccbecf6934fc43e356,3040,"[{'window_id': 92, 'epoch_window_index': 0, 'epoch_window_count': 2, 'assigned_shard_count': 2, 'samples_processed': 1024, 'duration_s': 87.58206537400838}, {'window_id': 93, 'epoch_window_index': 1, 'epoch_window_count': 2, 'assigned_shard_count': 2, 'samples_processed': 1024, 'duration_s': 88.11292233801214}]",5.432542557311247
48,1.3974711708724499,0.48681640625,0.48217728964636386,2048,389.44251771096606,3,['decentr-05'],9,"['decentr-08', 'decentr-19']","['decentr-08:normalized_version_gap:214.000>hard_max:200.000:raw_gap=214:expected_peer_version=3050.000', 'decentr-19:normalized_version_gap:550.000>hard_max:200.000:raw_gap=550:expected_peer_version=3050.000', 'decentr-08:normalized_version_gap:210.000>hard_max:200.000:raw_gap=210:expected_peer_version=3060.000', 'decentr-08:normalized_version_gap:210.000>hard_max:200.000:raw_gap=210:expected_peer_version=3070.000', 'decentr-19:normalized_version_gap:540.000>hard_max:200.000:raw_gap=540:expected_peer_version=3070.000', 'decentr-19:normalized_version_gap:540.000>hard_max:200.000:raw_gap=540:expected_peer_version=3080.000', 'decentr-19:normalized_version_gap:540.000>hard_max:200.000:raw_gap=540:expected_peer_version=3090.000', 'decentr-19:normalized_version_gap:540.000>hard_max:200.000:raw_gap=540:expected_peer_version=3100.000', 'decentr-19:normalized_version_gap:546.000>hard_max:200.000:raw_gap=546:expected_peer_version=3104.000']",0,166,166.0,3,9,28,12,82.15062208508607,['decentr-02'],"['decentr-02@192.168.199.24:50051:preflight_ping_failed:_InactiveRpcError:UNAVAILABLE:failed to connect to all addresses; last error: UNKNOWN: ipv4:192.168.199.24:50051: Failed to connect to remote host: Connection refused', 'decentr-02@192.168.199.24:50051:preflight_ping_failed:_InactiveRpcError:UNAVAILABLE:failed to connect to all addresses; last error: UNKNOWN: ipv4:192.168.199.24:50051: Failed to connect to remote host: Connection refused', 'decentr-02@192.168.199.24:50051:preflight_ping_failed:_InactiveRpcError:UNAVAILABLE:failed to connect to all addresses; last error: UNKNOWN: ipv4:192.168.199.24:50051: Failed to connect to remote host: Connection refused', 'decentr-02@192.168.199.24:50051:preflight_ping_failed:_InactiveRpcError:UNAVAILABLE:failed to connect to all addresses; last error: UNKNOWN: ipv4:192.168.199.24:50051: Failed to connect to remote host: Connection refused']",2,1.3859374225616454,0.4956,0.48531697827334275,1.3873900314331056,0.4964,0.4871906124498085,6526baedbb96018c2cd5336824f8872dedf99e5593d9e94e56d5879c7acf578f,3104,"[{'window_id': 94, 'epoch_window_index': 0, 'epoch_window_count': 2, 'assigned_shard_count': 2, 'samples_processed': 1024, 'duration_s': 86.7345347829978}, {'window_id': 95, 'epoch_window_index': 1, 'epoch_window_count': 2, 'assigned_shard_count': 2, 'samples_processed': 1024, 'duration_s': 99.24429732997669}]",5.258799198499357
49,1.4180206768214703,0.49169921875,0.4904656657650368,2048,398.89240157802124,4,['decentr-05'],8,"['decentr-08', 'decentr-19']","['decentr-08:normalized_version_gap:220.000>hard_max:200.000:raw_gap=220:expected_peer_version=3110.000', 'decentr-19:normalized_version_gap:586.000>hard_max:200.000:raw_gap=586:expected_peer_version=3110.000', 'decentr-08:normalized_version_gap:224.000>hard_max:200.000:raw_gap=224:expected_peer_version=3120.000', 'decentr-08:normalized_version_gap:230.000>hard_max:200.000:raw_gap=230:expected_peer_version=3130.000', 'decentr-19:normalized_version_gap:550.000>hard_max:200.000:raw_gap=550:expected_peer_version=3150.000', 'decentr-19:normalized_version_gap:558.000>hard_max:200.000:raw_gap=558:expected_peer_version=3152.000', 'decentr-19:normalized_version_gap:560.000>hard_max:200.000:raw_gap=560:expected_peer_version=3160.000', 'decentr-19:normalized_version_gap:562.000>hard_max:200.000:raw_gap=562:expected_peer_version=3168.000']",0,170,170.0,4,8,32,12,94.03736175893573,[],[],2,1.4073957427978516,0.4856,0.4814458544233083,1.401527624130249,0.484,0.47913220732244116,a20e8235eb87879de66567dd1e752c65c50017377f573d595aef5a8d66f9002b,3168,"[{'window_id': 96, 'epoch_window_index': 0, 'epoch_window_count': 2, 'assigned_shard_count': 3, 'samples_processed': 1536, 'duration_s': 148.02674060495337}, {'window_id': 97, 'epoch_window_index': 1, 'epoch_window_count': 2, 'assigned_shard_count': 1, 'samples_processed': 512, 'duration_s': 49.58416044898331}]",5.134216625581478
50,1.3528401907533407,0.509765625,0.5050833890048881,2048,408.55561098403996,4,['decentr-05'],6,['decentr-19'],"['decentr-19:normalized_version_gap:590.000>hard_max:200.000:raw_gap=590:expected_peer_version=3170.000', 'decentr-19:normalized_version_gap:570.000>hard_max:200.000:raw_gap=570:expected_peer_version=3200.000', 'decentr-19:normalized_version_gap:580.000>hard_max:200.000:raw_gap=580:expected_peer_version=3210.000', 'decentr-19:normalized_version_gap:580.000>hard_max:200.000:raw_gap=580:expected_peer_version=3220.000', 'decentr-19:normalized_version_gap:580.000>hard_max:200.000:raw_gap=580:expected_peer_version=3230.000', 'decentr-19:normalized_version_gap:592.000>hard_max:200.000:raw_gap=592:expected_peer_version=3232.000']",0,190,190.0,4,6,36,12,105.6829442831222,[],[],2,1.3766821363449098,0.5078,0.4909185793298785,1.3740473600387573,0.5063,0.4897045506183165,fbd6157e5d8103f53620012b997dbbba96e60ae02b46a2952f5a07403b1da351,3232,"[{'window_id': 98, 'epoch_window_index': 0, 'epoch_window_count': 2, 'assigned_shard_count': 3, 'samples_processed': 1536, 'duration_s': 146.71543927601306}, {'window_id': 99, 'epoch_window_index': 1, 'epoch_window_count': 2, 'assigned_shard_count': 1, 'samples_processed': 512, 'duration_s': 61.99230115505634}]",5.012781479288028
